"site","dominant_city","dominant_state","outcome","outcome_label","coefficient","coefficient_label","estimate","se","ci_lo","ci_hi","p","observations","trials"
"AQ","Albuquerque","NM","w2012pc_Rec","White Share","RACE2","African American",-0.00642284316596718,0.0328760388028257,-0.0713290517565132,0.0584833654245789,0.845344332248277,1390,168
"AQ","Albuquerque","NM","w2012pc_Rec","White Share","RACE3","Hispanic",0.0607592961973569,0.0276737249156517,0.00612386482360209,0.115394727571112,0.0295025818349916,1390,168
"AQ","Albuquerque","NM","w2012pc_Rec","White Share","RACE4","Asian",0.00577483837638053,0.0354728062949083,-0.0642580928559388,0.0758077696086999,0.870875718034011,1390,168
"AQ","Albuquerque","NM","percent_black","Black Share","RACE2","African American",-0.00791188795178475,0.00473285390194679,-0.0172558239542552,0.0014320480506857,0.0964571870137955,1390,168
"AQ","Albuquerque","NM","percent_black","Black Share","RACE3","Hispanic",-0.00437399647784208,0.00488670079847727,-0.0140216679399616,0.00527367498427739,0.372031689302719,1390,168
"AQ","Albuquerque","NM","percent_black","Black Share","RACE4","Asian",-0.00304508401556262,0.00499387578660608,-0.0129043479440646,0.00681417991293937,0.542847137930416,1390,168
"AQ","Albuquerque","NM","percent_hispanic","Hispanic Share","RACE2","African American",0.0240068308156242,0.0362884216234112,-0.0476363460718653,0.0956500077031137,0.509167424522053,1390,168
"AQ","Albuquerque","NM","percent_hispanic","Hispanic Share","RACE3","Hispanic",-0.0505283842842957,0.0285308097321324,-0.106855933318938,0.0057991647503467,0.0783829738659557,1390,168
"AQ","Albuquerque","NM","percent_hispanic","Hispanic Share","RACE4","Asian",0.0347228692689914,0.0399719295353318,-0.0441925503089861,0.113638288846969,0.386268136522892,1390,168
"AQ","Albuquerque","NM","percent_asian","Asian Share","RACE2","African American",-0.00682673857781962,0.00556775508864525,-0.0178189957451771,0.00416551858953785,0.221879450748761,1390,168
"AQ","Albuquerque","NM","percent_asian","Asian Share","RACE3","Hispanic",-0.00220100212926339,0.00541466030461616,-0.0128910087108397,0.00848900445231296,0.684903469522709,1390,168
"AQ","Albuquerque","NM","percent_asian","Asian Share","RACE4","Asian",0.000193630262338489,0.00735060859233122,-0.0143184627979819,0.0147057233226589,0.979015948906473,1390,168
"AT","Atlanta","GA","w2012pc_Rec","White Share","RACE2","African American",-0.341467660011682,0.0640114890803444,-0.468262100299319,-0.214673219724046,4.86077614625984e-07,804,116
"AT","Atlanta","GA","w2012pc_Rec","White Share","RACE3","Hispanic",-0.203000083719947,0.0784042002230514,-0.358303714775988,-0.047696452663906,0.0108639198931193,804,116
"AT","Atlanta","GA","w2012pc_Rec","White Share","RACE4","Asian",0.167926567522849,0.0218428091969606,0.124660166346615,0.211192968699082,5.51846331681842e-12,804,116
"AT","Atlanta","GA","percent_black","Black Share","RACE2","African American",0.253230549914218,0.0453028464519636,0.163494330028696,0.342966769799739,1.55244186720392e-07,804,116
"AT","Atlanta","GA","percent_black","Black Share","RACE3","Hispanic",0.149451101378725,0.0582797526887123,0.0340101277592529,0.264892074998197,0.0116245099282505,804,116
"AT","Atlanta","GA","percent_black","Black Share","RACE4","Asian",-0.15626749794587,0.0152852520710948,-0.186544640515969,-0.125990355375772,7.64464555622835e-18,804,116
"AT","Atlanta","GA","percent_hispanic","Hispanic Share","RACE2","African American",0.0343651057961502,0.0265388421883731,-0.0182032329427457,0.0869334445350462,0.197948999464626,804,116
"AT","Atlanta","GA","percent_hispanic","Hispanic Share","RACE3","Hispanic",-0.0171328596649444,0.0303949232309194,-0.077339352812024,0.0430736334821352,0.574072839188776,804,116
"AT","Atlanta","GA","percent_hispanic","Hispanic Share","RACE4","Asian",-0.00109905928817443,0.00775961349095652,-0.0164693602071127,0.0142712416307639,0.887613456317557,804,116
"AT","Atlanta","GA","percent_asian","Asian Share","RACE2","African American",0.0259608388335293,0.0212637225388636,-0.0161585031233929,0.0680801807904516,0.224621886493819,804,116
"AT","Atlanta","GA","percent_asian","Asian Share","RACE3","Hispanic",0.0302189423397822,0.0317998502595204,-0.032770440860251,0.0932083255398154,0.343959980253288,804,116
"AT","Atlanta","GA","percent_asian","Asian Share","RACE4","Asian",0.00243286682978914,0.00684095120585724,-0.0111177409070968,0.0159834745666751,0.722767055460279,804,116
"BN","Boston","MA","w2012pc_Rec","White Share","RACE2","African American",-0.188506907599349,0.0651353951338486,-0.320050506698044,-0.0569633085006535,0.00606665091102604,440,42
"BN","Boston","MA","w2012pc_Rec","White Share","RACE3","Hispanic",NA,0,NA,NA,NA,440,42
"BN","Boston","MA","w2012pc_Rec","White Share","RACE4","Asian",-0.185055997660733,0.0746106867774587,-0.33573533644058,-0.0343766588808864,0.0173247349213836,440,42
"BN","Boston","MA","percent_black","Black Share","RACE2","African American",0.101392868337165,0.027635283058095,0.0455822819715977,0.157203454702732,0.00069486923227237,440,42
"BN","Boston","MA","percent_black","Black Share","RACE3","Hispanic",NA,0,NA,NA,NA,440,42
"BN","Boston","MA","percent_black","Black Share","RACE4","Asian",0.0477062781064267,0.0384698565112354,-0.0299851732450142,0.125397729457868,0.221990750484543,440,42
"BN","Boston","MA","percent_hispanic","Hispanic Share","RACE2","African American",0.0132325047123405,0.0212237127921239,-0.0296296528162344,0.0560946622409154,0.536424203116961,440,42
"BN","Boston","MA","percent_hispanic","Hispanic Share","RACE3","Hispanic",NA,0,NA,NA,NA,440,42
"BN","Boston","MA","percent_hispanic","Hispanic Share","RACE4","Asian",0.0261836940395264,0.0355502260546308,-0.0456114439862529,0.0979788320653056,0.465603799290615,440,42
"BN","Boston","MA","percent_asian","Asian Share","RACE2","African American",0.0503933793684948,0.0232436567137818,0.00345186233213759,0.097334896404852,0.0360122726989261,440,42
"BN","Boston","MA","percent_asian","Asian Share","RACE3","Hispanic",NA,0,NA,NA,NA,440,42
"BN","Boston","MA","percent_asian","Asian Share","RACE4","Asian",0.0757805728513708,0.036595079784603,0.001875309909794,0.149685835792948,0.0447140284254721,440,42
"BT","Baltimore","MD","w2012pc_Rec","White Share","RACE2","African American",-0.188282532656209,0.054403323591943,-0.296450915014168,-0.0801141502982503,0.000844660738366319,562,86
"BT","Baltimore","MD","w2012pc_Rec","White Share","RACE3","Hispanic",-0.104517060214412,0.0458898058526942,-0.195758288471684,-0.0132758319571394,0.0252625652932366,562,86
"BT","Baltimore","MD","w2012pc_Rec","White Share","RACE4","Asian",-0.0779159127990723,0.0570119230922718,-0.191270889826996,0.0354390642288511,0.175336052763663,562,86
"BT","Baltimore","MD","percent_black","Black Share","RACE2","African American",0.134489559864381,0.0507486243984668,0.0335876986242942,0.235391421104468,0.0095943969736552,562,86
"BT","Baltimore","MD","percent_black","Black Share","RACE3","Hispanic",0.124594808669869,0.0483156109771657,0.0285304299338168,0.220659187405922,0.0116365711714716,562,86
"BT","Baltimore","MD","percent_black","Black Share","RACE4","Asian",0.0260242365922308,0.0503519157125271,-0.0740888614989849,0.126137334683447,0.606605197515382,562,86
"BT","Baltimore","MD","percent_hispanic","Hispanic Share","RACE2","African American",0.036375822731494,0.0104229200176319,0.0156522653582346,0.0570993801047535,0.000768156093648765,562,86
"BT","Baltimore","MD","percent_hispanic","Hispanic Share","RACE3","Hispanic",-0.00684601582999581,0.0119181944304222,-0.0305425793310779,0.0168505476710863,0.567202638519864,562,86
"BT","Baltimore","MD","percent_hispanic","Hispanic Share","RACE4","Asian",0.0304378265097998,0.0103830659725738,0.0097935096553126,0.0510821433642871,0.00433278664165673,562,86
"BT","Baltimore","MD","percent_asian","Asian Share","RACE2","African American",0.00725858035816136,0.00965105600533816,-0.0119303045705178,0.0264474652868405,0.454067265039622,562,86
"BT","Baltimore","MD","percent_asian","Asian Share","RACE3","Hispanic",-0.001521809654404,0.0100644800394216,-0.0215326923222311,0.0184890730134231,0.880171507874778,562,86
"BT","Baltimore","MD","percent_asian","Asian Share","RACE4","Asian",0.0255597074874276,0.00981050623921317,0.00605379277589495,0.0450656221989602,0.0108340565848879,562,86
"CH","Chicago","IL","w2012pc_Rec","White Share","RACE2","African American",-0.0242061778544404,0.0383113832644806,-0.100196624908523,0.0517842691996422,0.528913303244833,945,103
"CH","Chicago","IL","w2012pc_Rec","White Share","RACE3","Hispanic",0.0811818340317491,0.0548412397137115,-0.0275955049141079,0.189959172977606,0.141873758339368,945,103
"CH","Chicago","IL","w2012pc_Rec","White Share","RACE4","Asian",0.143988854909352,0.0538796322104368,0.0371188598868392,0.250858849931866,0.0087688325607019,945,103
"CH","Chicago","IL","percent_black","Black Share","RACE2","African American",0.0185911410355714,0.0266520136932068,-0.0342730017560572,0.0714552838272001,0.487044974118132,945,103
"CH","Chicago","IL","percent_black","Black Share","RACE3","Hispanic",0.00327336356725156,0.0382087686942663,-0.0725135479733515,0.0790602751078546,0.931896308088143,945,103
"CH","Chicago","IL","percent_black","Black Share","RACE4","Asian",0.0245922169610347,0.0379758685726854,-0.0507327382926938,0.0999171722147632,0.518714867040782,945,103
"CH","Chicago","IL","percent_hispanic","Hispanic Share","RACE2","African American",-0.0228419591476754,0.0368990243088182,-0.0960309989098128,0.050347080614462,0.537270391744439,945,103
"CH","Chicago","IL","percent_hispanic","Hispanic Share","RACE3","Hispanic",-0.0614461939854618,0.06206537351594,-0.184552568075263,0.0616601801043392,0.324505261680388,945,103
"CH","Chicago","IL","percent_hispanic","Hispanic Share","RACE4","Asian",-0.138560848813024,0.0457041111957959,-0.229214736666716,-0.0479069609593321,0.00308307006043016,945,103
"CH","Chicago","IL","percent_asian","Asian Share","RACE2","African American",0.0222020783966359,0.0227261298711327,-0.02287509244824,0.0672792492415118,0.330909921480499,945,103
"CH","Chicago","IL","percent_asian","Asian Share","RACE3","Hispanic",-0.025279562367098,0.0515793663122671,-0.127586990887158,0.0770278661529617,0.625108638783268,945,103
"CH","Chicago","IL","percent_asian","Asian Share","RACE4","Asian",-0.0346494709566363,0.0224449442483105,-0.0791689114518683,0.0098699695385957,0.125744907394667,945,103
"CL","Lakewood","OH","w2012pc_Rec","White Share","RACE2","African American",-0.0271212267934169,0.294884682195591,-0.611454910202796,0.557212456615963,0.92688581822484,841,112
"CL","Lakewood","OH","w2012pc_Rec","White Share","RACE3","Hispanic",0.0925881866305903,0.0931294136534387,-0.0919539635709412,0.277130336832122,0.322293475846239,841,112
"CL","Lakewood","OH","w2012pc_Rec","White Share","RACE4","Asian",0.0306913706801999,0.301200675652543,-0.566157875401379,0.627540616761778,0.919022472184009,841,112
"CL","Lakewood","OH","percent_black","Black Share","RACE2","African American",0.0541446298350925,0.303273068949341,-0.546811201911006,0.65510046158119,0.858628871244046,841,112
"CL","Lakewood","OH","percent_black","Black Share","RACE3","Hispanic",-0.0535310371127213,0.0605977173651107,-0.173609459398045,0.0665473851726025,0.378938249190528,841,112
"CL","Lakewood","OH","percent_black","Black Share","RACE4","Asian",0.0426203258075709,0.302395996184378,-0.55659752770394,0.641838179319082,0.88817114689421,841,112
"CL","Lakewood","OH","percent_hispanic","Hispanic Share","RACE2","African American",0.0839080673963661,0.0790983476241935,-0.0728305887952902,0.240646723588022,0.291080420376251,841,112
"CL","Lakewood","OH","percent_hispanic","Hispanic Share","RACE3","Hispanic",-0.0413797326488843,0.0394388032351266,-0.119530354078429,0.0367708887806605,0.296358854751522,841,112
"CL","Lakewood","OH","percent_hispanic","Hispanic Share","RACE4","Asian",0.0973642357722352,0.0802300789986652,-0.0616170216890129,0.256345493233483,0.227490713002142,841,112
"CL","Lakewood","OH","percent_asian","Asian Share","RACE2","African American",-0.127627233114489,0.0660501055709205,-0.258509926615113,0.00325546038613453,0.0558735846127131,841,112
"CL","Lakewood","OH","percent_asian","Asian Share","RACE3","Hispanic",0.00476054472535457,0.0159005443219253,-0.0267474453223687,0.0362685347730778,0.765198489750881,841,112
"CL","Lakewood","OH","percent_asian","Asian Share","RACE4","Asian",-0.176927897032886,0.0687455501094292,-0.313151793826558,-0.0407040002392147,0.0113808168303126,841,112
"CO","Columbia","SC","w2012pc_Rec","White Share","RACE2","African American",-0.0337451591355269,0.0175870821086908,-0.0692899779726976,0.00179965970164385,0.062172253239794,377,41
"CO","Columbia","SC","percent_black","Black Share","RACE2","African American",0.101921788129982,0.0166608768214412,0.0682489000052433,0.135594676254721,3.23155062143881e-07,377,41
"CO","Columbia","SC","percent_hispanic","Hispanic Share","RACE2","African American",-0.0664520481213585,0.00326085106080671,-0.073042473951809,-0.0598616222909079,9.82992463686979e-23,377,41
"CO","Columbia","SC","percent_asian","Asian Share","RACE2","African American",0.00941251748217946,0.0020772883540096,0.00521416111132083,0.0136108738530381,5.20320381555569e-05,377,41
"DC","Washington","DC","w2012pc_Rec","White Share","RACE2","African American",-0.027905970672397,0.098189062716833,-0.223036099846831,0.167224158502037,0.776919797719939,659,89
"DC","Washington","DC","w2012pc_Rec","White Share","RACE3","Hispanic",-0.20949940599243,0.11304244588272,-0.434147512990887,0.0151487010060258,0.067193208492859,659,89
"DC","Washington","DC","w2012pc_Rec","White Share","RACE4","Asian",0.0166637206874554,0.060003754421503,-0.102581132326216,0.135908573701127,0.78188538321995,659,89
"DC","Washington","DC","percent_black","Black Share","RACE2","African American",-0.0541872656563583,0.0976929208189798,-0.248331417065671,0.139956885752954,0.580527909015196,659,89
"DC","Washington","DC","percent_black","Black Share","RACE3","Hispanic",0.157766695084713,0.102920363038764,-0.0467658992669666,0.362299289436392,0.128887706252352,659,89
"DC","Washington","DC","percent_black","Black Share","RACE4","Asian",-0.0456521502502541,0.0502254467338082,-0.145464671500969,0.0541603710004607,0.365862030603468,659,89
"DC","Washington","DC","percent_hispanic","Hispanic Share","RACE2","African American",0.0420136969842037,0.0457120372218997,-0.0488293712876628,0.13285676525607,0.3605584084563,659,89
"DC","Washington","DC","percent_hispanic","Hispanic Share","RACE3","Hispanic",0.0661155460737047,0.0826249984099086,-0.0980842758479981,0.230315367995407,0.425756695076907,659,89
"DC","Washington","DC","percent_hispanic","Hispanic Share","RACE4","Asian",-0.000525557835251495,0.0390317798777406,-0.0780930183926065,0.0770419027221036,0.989287392721991,659,89
"DC","Washington","DC","percent_asian","Asian Share","RACE2","African American",0.0402309087271778,0.0205781028109868,-0.000663746426550066,0.0811255638809057,0.0537527292968729,659,89
"DC","Washington","DC","percent_asian","Asian Share","RACE3","Hispanic",-0.00578376363554625,0.0421538866094157,-0.0895557552576804,0.0779882279865879,0.891181451375712,659,89
"DC","Washington","DC","percent_asian","Asian Share","RACE4","Asian",0.0260815195144795,0.0167074756446009,-0.00712107750094934,0.0592841165299084,0.122096761365645,659,89
"DL","Dallas","TX","w2012pc_Rec","White Share","RACE2","African American",-0.010725150209489,0.027840267369525,-0.0657773638649923,0.0443270634460142,0.700657985696496,869,138
"DL","Dallas","TX","w2012pc_Rec","White Share","RACE3","Hispanic",0.0464646853855772,0.06439976014104,-0.0808814103824746,0.173810781153629,0.471829024392631,869,138
"DL","Dallas","TX","w2012pc_Rec","White Share","RACE4","Asian",0.0224469752003771,0.0336993674168764,-0.0441912057647951,0.0890851561655494,0.506470531907619,869,138
"DL","Dallas","TX","percent_black","Black Share","RACE2","African American",-0.0164926457620906,0.0195288876856358,-0.0551096778133275,0.0221243862891462,0.399848115155581,869,138
"DL","Dallas","TX","percent_black","Black Share","RACE3","Hispanic",-0.0373839372897393,0.0388808024187406,-0.114268049552144,0.0395001749726652,0.337994187879398,869,138
"DL","Dallas","TX","percent_black","Black Share","RACE4","Asian",0.0104894810226526,0.0186767734955064,-0.0264425538325716,0.0474215158778769,0.575284121647678,869,138
"DL","Dallas","TX","percent_hispanic","Hispanic Share","RACE2","African American",0.0260663337743696,0.0336307625553274,-0.0404361857962596,0.0925688533449988,0.439631601555612,869,138
"DL","Dallas","TX","percent_hispanic","Hispanic Share","RACE3","Hispanic",0.00163420515464812,0.0416701809780832,-0.0807657113339435,0.0840341216432398,0.968773980730043,869,138
"DL","Dallas","TX","percent_hispanic","Hispanic Share","RACE4","Asian",-0.0872667731099697,0.025869369467293,-0.138421671737327,-0.0361118744826126,0.000965777401544888,869,138
"DL","Dallas","TX","percent_asian","Asian Share","RACE2","African American",0.00943138379965926,0.0214822022826769,-0.0330481935032238,0.0519109611025423,0.661329669432811,869,138
"DL","Dallas","TX","percent_asian","Asian Share","RACE3","Hispanic",-0.0243369006410045,0.0294612547615071,-0.0825945053601712,0.0339207040781622,0.410203691368006,869,138
"DL","Dallas","TX","percent_asian","Asian Share","RACE4","Asian",0.0542845440166623,0.0191197629078699,0.0164765280707085,0.0920925599626162,0.00521210952206817,869,138
"DT","Royal Oak","MI","w2012pc_Rec","White Share","RACE2","African American",0.0324028828515986,0.0232683263678087,-0.0145545008464842,0.0793602665496814,0.171077376713487,166,43
"DT","Royal Oak","MI","w2012pc_Rec","White Share","RACE3","Hispanic",-0.059850758677478,0.0459175515699993,-0.152516129339116,0.0328146119841599,0.199524768963053,166,43
"DT","Royal Oak","MI","percent_black","Black Share","RACE2","African American",0.0108808592762479,0.0220332161866166,-0.0335839711642063,0.0553456897167021,0.623992789754721,166,43
"DT","Royal Oak","MI","percent_black","Black Share","RACE3","Hispanic",0.00655132103936409,0.0502523818599556,-0.0948620913152578,0.107964733393986,0.896897411924816,166,43
"DT","Royal Oak","MI","percent_hispanic","Hispanic Share","RACE2","African American",-0.0172275290328513,0.00701203263856725,-0.0313783838003096,-0.00307667426539297,0.018229820081091,166,43
"DT","Royal Oak","MI","percent_hispanic","Hispanic Share","RACE3","Hispanic",0.0204607859663882,0.0128748484474149,-0.00552171011190013,0.0464432820446766,0.119514288493442,166,43
"DT","Royal Oak","MI","percent_asian","Asian Share","RACE2","African American",-0.0172115271820228,0.00862429614381154,-0.0346160614295366,0.000193007065490882,0.0524785184629605,166,43
"DT","Royal Oak","MI","percent_asian","Asian Share","RACE3","Hispanic",0.018686653168171,0.0241770095193853,-0.030104527371768,0.0674778337081099,0.44390382549412,166,43
"FW","Fort Worth","TX","w2012pc_Rec","White Share","RACE2","African American",0.128343385356159,0.0839573904616697,-0.0378586545998162,0.294545425312134,0.128934219528017,870,123
"FW","Fort Worth","TX","w2012pc_Rec","White Share","RACE3","Hispanic",0.444243153912635,0.205507778386239,0.0374199807911806,0.85106632703409,0.0325951584279913,870,123
"FW","Fort Worth","TX","w2012pc_Rec","White Share","RACE4","Asian",0.0837489826469728,0.0519763051478596,-0.0191433047079137,0.186641270001859,0.109700377447112,870,123
"FW","Fort Worth","TX","percent_black","Black Share","RACE2","African American",-0.104854482964002,0.0518038451857845,-0.20740536859892,-0.00230359732908306,0.0451472919652564,870,123
"FW","Fort Worth","TX","percent_black","Black Share","RACE3","Hispanic",-0.340507707878139,0.131947059412235,-0.601710090657267,-0.0793053250990108,0.0110461293861731,870,123
"FW","Fort Worth","TX","percent_black","Black Share","RACE4","Asian",0.0396389994228731,0.0327642185965079,-0.0252210437294831,0.104499042575229,0.228684734734338,870,123
"FW","Fort Worth","TX","percent_hispanic","Hispanic Share","RACE2","African American",-0.00448807257021277,0.038596988060041,-0.0808946654438196,0.071918520303394,0.907621523845323,870,123
"FW","Fort Worth","TX","percent_hispanic","Hispanic Share","RACE3","Hispanic",-0.0679612165939882,0.0848329872067022,-0.235896587760033,0.0999741545720566,0.424620914765936,870,123
"FW","Fort Worth","TX","percent_hispanic","Hispanic Share","RACE4","Asian",-0.0999619204323148,0.0296177564373091,-0.158593227476658,-0.0413306133879713,0.000990080232931518,870,123
"FW","Fort Worth","TX","percent_asian","Asian Share","RACE2","African American",-0.0337828690115628,0.0191867781472937,-0.0717650127004951,0.00419927467736955,0.0807886469602093,870,123
"FW","Fort Worth","TX","percent_asian","Asian Share","RACE3","Hispanic",-0.0653806902450156,0.0537802472405401,-0.171844061147369,0.0410826806573381,0.226446105159908,870,123
"FW","Fort Worth","TX","percent_asian","Asian Share","RACE4","Asian",-0.0109445816630871,0.0092487177300898,-0.0292533421577299,0.00736417883155575,0.238966447759793,870,123
"GB","Greensboro","NC","w2012pc_Rec","White Share","RACE2","African American",0.116880516580805,0.0979416390785858,-0.0791709747886421,0.312932007950253,0.237583522359582,417,59
"GB","Greensboro","NC","w2012pc_Rec","White Share","RACE3","Hispanic",-0.0229582197807375,0.0480502411819012,-0.119141227671945,0.0732247881104696,0.634591155374551,417,59
"GB","Greensboro","NC","percent_black","Black Share","RACE2","African American",-0.0598360902938517,0.0758597166890067,-0.211685811532541,0.0920136309448372,0.433457118083738,417,59
"GB","Greensboro","NC","percent_black","Black Share","RACE3","Hispanic",-0.0155732302189262,0.0410362625467369,-0.0977162344427038,0.0665697740048514,0.705703137309597,417,59
"GB","Greensboro","NC","percent_hispanic","Hispanic Share","RACE2","African American",-0.0435089138897572,0.0291270891084399,-0.101813117420378,0.0147952896408631,0.140658688845292,417,59
"GB","Greensboro","NC","percent_hispanic","Hispanic Share","RACE3","Hispanic",0.0151280136664135,0.0136178250993047,-0.0121310249308965,0.0423870522637236,0.271196423369258,417,59
"GB","Greensboro","NC","percent_asian","Asian Share","RACE2","African American",-4.56660158221949e-05,0.0165553125762688,-0.0331847246552289,0.0330933926235845,0.997808591343687,417,59
"GB","Greensboro","NC","percent_asian","Asian Share","RACE3","Hispanic",0.0195801018712803,0.00858386039544163,0.00239763843626291,0.0367625653062976,0.0262364925561383,417,59
"HS","Houston","TX","w2012pc_Rec","White Share","RACE2","African American",-0.609225758952697,0.361905603466278,-1.3263658719806,0.10791435407521,0.09511147208046,565,112
"HS","Houston","TX","w2012pc_Rec","White Share","RACE3","Hispanic",0.352504192339806,0.207864178582683,-0.0593925539263194,0.764400938605931,0.0927194761692046,565,112
"HS","Houston","TX","w2012pc_Rec","White Share","RACE4","Asian",-0.337447163654858,0.0959428911035254,-0.527564407243261,-0.147329920066455,0.0006330527694472,565,112
"HS","Houston","TX","percent_black","Black Share","RACE2","African American",0.00289774682779223,0.215055737403884,-0.423249553329974,0.429045046985559,0.989273498948284,565,112
"HS","Houston","TX","percent_black","Black Share","RACE3","Hispanic",0.0185092032177585,0.122197818740785,-0.223633932186045,0.260652338621562,0.879880568746292,565,112
"HS","Houston","TX","percent_black","Black Share","RACE4","Asian",0.13298325048761,0.0640888815324281,0.00598685334483878,0.259979647630381,0.0402997606842352,565,112
"HS","Houston","TX","percent_hispanic","Hispanic Share","RACE2","African American",0.668138558921827,0.252778037446931,0.167242002998353,1.1690351148453,0.00940072984660924,565,112
"HS","Houston","TX","percent_hispanic","Hispanic Share","RACE3","Hispanic",-0.396070871319469,0.149538943072662,-0.692392269800373,-0.0997494728385651,0.00926000858318535,565,112
"HS","Houston","TX","percent_hispanic","Hispanic Share","RACE4","Asian",0.204505296322269,0.0698116211900638,0.0661689085145329,0.342841684130005,0.00412296649095796,565,112
"HS","Houston","TX","percent_asian","Asian Share","RACE2","African American",-0.132326236817523,0.0695839515798507,-0.270211482094065,0.00555900845901883,0.05980570261528,565,112
"HS","Houston","TX","percent_asian","Asian Share","RACE3","Hispanic",0.0565704735370013,0.0397959498167044,-0.0222878576860011,0.135428804760004,0.15797112408464,565,112
"HS","Houston","TX","percent_asian","Asian Share","RACE4","Asian",-0.0169940170684511,0.0200002310807323,-0.0566258101118464,0.0226377759749441,0.39732583596286,565,112
"KC","Olathe","KS","w2012pc_Rec","White Share","RACE2","African American",0.068800680333389,0.0359928441708748,-0.00246264620591963,0.140064006872698,0.0583238514936317,537,121
"KC","Olathe","KS","w2012pc_Rec","White Share","RACE3","Hispanic",-0.153595633904652,0.0688391504743583,-0.289892360988878,-0.0172989068204263,0.027523723778166,537,121
"KC","Olathe","KS","w2012pc_Rec","White Share","RACE4","Asian",-0.086520189360928,0.0384227145444444,-0.162594490133276,-0.01044588858858,0.0261539542802563,537,121
"KC","Olathe","KS","percent_black","Black Share","RACE2","African American",-0.0343259147279189,0.0128979486494589,-0.0598629554221744,-0.00878887403366353,0.00884854095355555,537,121
"KC","Olathe","KS","percent_black","Black Share","RACE3","Hispanic",0.00633377601461429,0.0270880391645462,-0.0472986563413342,0.0599662083705628,0.815521700862615,537,121
"KC","Olathe","KS","percent_black","Black Share","RACE4","Asian",0.0495444009954732,0.0279663619363834,-0.005827049321912,0.104915851312858,0.0790041159217257,537,121
"KC","Olathe","KS","percent_hispanic","Hispanic Share","RACE2","African American",-0.0793480218402772,0.0319395826844356,-0.142586172722835,-0.0161098709577192,0.0143592252773348,537,121
"KC","Olathe","KS","percent_hispanic","Hispanic Share","RACE3","Hispanic",0.142979574524857,0.0676313570168987,0.00907419443011487,0.276884954619599,0.0365766811010435,537,121
"KC","Olathe","KS","percent_hispanic","Hispanic Share","RACE4","Asian",0.0377620500112166,0.0202080120134005,-0.00224840740038587,0.077772507422819,0.0641075259323564,537,121
"KC","Olathe","KS","percent_asian","Asian Share","RACE2","African American",0.0420009203781562,0.0131356593901241,0.015993228960843,0.0680086117954694,0.00177281445334938,537,121
"KC","Olathe","KS","percent_asian","Asian Share","RACE3","Hispanic",0.00324667204189933,0.012136524740374,-0.0207828023036022,0.0272761463874009,0.789533832229049,537,121
"KC","Olathe","KS","percent_asian","Asian Share","RACE4","Asian",-0.00456003865937417,0.0106569553818417,-0.0256600686454892,0.0165399913267409,0.669495828036879,537,121
"LA","Long Beach","CA","w2012pc_Rec","White Share","RACE2","African American",-0.00843391231977826,0.0560669314670972,-0.119989519058057,0.103121694418501,0.880802661297991,579,82
"LA","Long Beach","CA","w2012pc_Rec","White Share","RACE3","Hispanic",-0.122755847850134,0.0995686348915604,-0.320866198939145,0.0753545032388776,0.221187999037971,579,82
"LA","Long Beach","CA","w2012pc_Rec","White Share","RACE4","Asian",-0.247482195436906,0.0644297173954,-0.375677122962726,-0.119287267911085,0.000242161030623865,579,82
"LA","Long Beach","CA","percent_black","Black Share","RACE2","African American",0.0119276801035785,0.0177067725167022,-0.0233032430054665,0.0471586032126236,0.502469034748461,579,82
"LA","Long Beach","CA","percent_black","Black Share","RACE3","Hispanic",-0.0180465510418214,0.0483187985265564,-0.11418580363598,0.0780927015523374,0.709760097841147,579,82
"LA","Long Beach","CA","percent_black","Black Share","RACE4","Asian",0.0197955242110714,0.0228744507949741,-0.0257174576922765,0.0653085061144193,0.389375811896502,579,82
"LA","Long Beach","CA","percent_hispanic","Hispanic Share","RACE2","African American",-0.0237955314702253,0.0462302790131894,-0.115779285352365,0.0681882224119143,0.608152166770956,579,82
"LA","Long Beach","CA","percent_hispanic","Hispanic Share","RACE3","Hispanic",0.152385183667395,0.0803992252687123,-0.00758405526629297,0.312354422601082,0.0616123463171987,579,82
"LA","Long Beach","CA","percent_hispanic","Hispanic Share","RACE4","Asian",0.205716010946572,0.0574779576605161,0.0913529046892081,0.320079117203936,0.000586001705232522,579,82
"LA","Long Beach","CA","percent_asian","Asian Share","RACE2","African American",0.0142911041846258,0.0195943366067353,-0.0246954793790063,0.0532776877482579,0.467892196903312,579,82
"LA","Long Beach","CA","percent_asian","Asian Share","RACE3","Hispanic",0.0274704042156489,0.0514751070575597,-0.0749489122952575,0.129889720726555,0.595035587839475,579,82
"LA","Long Beach","CA","percent_asian","Asian Share","RACE4","Asian",0.0373485898220259,0.030699969338418,-0.0237347193011707,0.0984318989452226,0.227301865406461,579,82
"MI","Miami","FL","w2012pc_Rec","White Share","RACE2","African American",-0.00969124873518754,0.0200368592611842,-0.0495102960679874,0.0301277985976123,0.629820726256658,432,89
"MI","Miami","FL","w2012pc_Rec","White Share","RACE3","Hispanic",-0.190519321556342,0.179169677062789,-0.546581404868296,0.165542761755613,0.290534422347219,432,89
"MI","Miami","FL","percent_black","Black Share","RACE2","African American",-0.0168647062630297,0.0187541377271884,-0.0541346140919191,0.0204052015658597,0.370972250798803,432,89
"MI","Miami","FL","percent_black","Black Share","RACE3","Hispanic",0.327066150791946,0.167777245298638,-0.00635586833932933,0.660488169923222,0.0544314245434756,432,89
"MI","Miami","FL","percent_hispanic","Hispanic Share","RACE2","African American",0.03359717580069,0.0285414319800911,-0.0231229227011132,0.0903172743024933,0.242314858367478,432,89
"MI","Miami","FL","percent_hispanic","Hispanic Share","RACE3","Hispanic",-0.152626346233441,0.176531751506067,-0.503446106822343,0.198193414355461,0.389618399697886,432,89
"MI","Miami","FL","percent_asian","Asian Share","RACE2","African American",-0.00536518746680082,0.00316662069344811,-0.0116581806766549,0.000927805743053259,0.09374586342024,432,89
"MI","Miami","FL","percent_asian","Asian Share","RACE3","Hispanic",-0.0183243909333087,0.0242223116946038,-0.0664611454667763,0.029812363600159,0.451364797640824,432,89
"MS","East Brunswick","NJ","w2012pc_Rec","White Share","RACE2","African American",-0.0628188934866756,0.0496523810295112,-0.161161690437732,0.0355239034643807,0.208344594492828,943,117
"MS","East Brunswick","NJ","w2012pc_Rec","White Share","RACE3","Hispanic",0.022940416291407,0.0674446434085774,-0.110642198170202,0.156523030753016,0.734368535082091,943,117
"MS","East Brunswick","NJ","w2012pc_Rec","White Share","RACE4","Asian",0.0511716044297939,0.0728306338035042,-0.0930786426570024,0.19542185151659,0.48370579744148,943,117
"MS","East Brunswick","NJ","percent_black","Black Share","RACE2","African American",0.0116161348163571,0.0231647186045996,-0.0342645091915606,0.0574967788242749,0.616999142449843,943,117
"MS","East Brunswick","NJ","percent_black","Black Share","RACE3","Hispanic",-0.0401015465308166,0.0285405540647354,-0.0966297100360209,0.0164266169743878,0.162672108493454,943,117
"MS","East Brunswick","NJ","percent_black","Black Share","RACE4","Asian",-0.0106902200932209,0.0272831539905359,-0.0647279443159719,0.04334750412953,0.695906468838576,943,117
"MS","East Brunswick","NJ","percent_hispanic","Hispanic Share","RACE2","African American",0.0151557969941976,0.0167593012132434,-0.0180381107717964,0.0483497047601915,0.367699217323911,943,117
"MS","East Brunswick","NJ","percent_hispanic","Hispanic Share","RACE3","Hispanic",-0.0537094198853997,0.0332402342338176,-0.11954589213673,0.0121270523659301,0.108855133396901,943,117
"MS","East Brunswick","NJ","percent_hispanic","Hispanic Share","RACE4","Asian",-0.0553257680790214,0.0283070117986823,-0.111391371699408,0.000739835541364912,0.0530495458959725,943,117
"MS","East Brunswick","NJ","percent_asian","Asian Share","RACE2","African American",0.0386763810988019,0.0323993735035541,-0.0254946605257215,0.102847422723325,0.235015814409827,943,117
"MS","East Brunswick","NJ","percent_asian","Asian Share","RACE3","Hispanic",0.0699084656529667,0.0411442093673727,-0.0115828252706724,0.151399756576606,0.0919791642276565,943,117
"MS","East Brunswick","NJ","percent_asian","Asian Share","RACE4","Asian",0.0244793731155816,0.0485312398943047,-0.0716428625506583,0.120601608781821,0.614933974859921,943,117
"NO","Livingston","NJ","w2012pc_Rec","White Share","RACE3","Hispanic",0.0113464816428701,0.0288929530760189,-0.046005576926582,0.0686985402123223,0.695406095108378,597,97
"NO","Livingston","NJ","w2012pc_Rec","White Share","RACE4","Asian",0.0910311520367655,0.038406238250269,0.0147953716453877,0.167266932428143,0.0197770351793856,597,97
"NO","Livingston","NJ","percent_black","Black Share","RACE3","Hispanic",0.0328668649725003,0.0240685529558319,-0.0149088350458735,0.080642564990874,0.175270678898197,597,97
"NO","Livingston","NJ","percent_black","Black Share","RACE4","Asian",-0.16575060949719,0.0377914326646412,-0.24076601044646,-0.09073520854792,2.95974811630574e-05,597,97
"NO","Livingston","NJ","percent_hispanic","Hispanic Share","RACE3","Hispanic",-0.00163793194450858,0.0197697428631734,-0.0408805613707409,0.0376046974817238,0.93414296723796,597,97
"NO","Livingston","NJ","percent_hispanic","Hispanic Share","RACE4","Asian",0.0197089626296018,0.023463278151539,-0.0268652763980907,0.0662832016572942,0.403000068470508,597,97
"NO","Livingston","NJ","percent_asian","Asian Share","RACE3","Hispanic",-0.0380328933283293,0.0165776109877168,-0.0709391910614693,-0.00512659559518922,0.0239565593246137,597,97
"NO","Livingston","NJ","percent_asian","Asian Share","RACE4","Asian",0.0563420807365337,0.0197141762299568,0.0172097502054805,0.0954744112675869,0.00522901091859385,597,97
"NT","Union","NJ","w2012pc_Rec","White Share","RACE2","African American",-0.289132274363838,0.0823058712718588,-0.454619319899583,-0.123645228828093,0.000976884928261211,410,49
"NT","Union","NJ","percent_black","Black Share","RACE2","African American",0.282047284240124,0.0468422095129622,0.187864709669445,0.376229858810802,2.32703913981615e-07,410,49
"NT","Union","NJ","percent_hispanic","Hispanic Share","RACE2","African American",0.0800868128245853,0.0439595915469639,-0.00829986987070465,0.168473495519875,0.0747152428391295,410,49
"NT","Union","NJ","percent_asian","Asian Share","RACE2","African American",-0.0575901570177257,0.0880578619849409,-0.234642355006725,0.119462040971274,0.516230744655835,410,49
"NY","New York","NY","w2012pc_Rec","White Share","RACE2","African American",-0.0119786236634181,0.0299853214080823,-0.0712539366705298,0.0472966893436936,0.690137614888134,1028,143
"NY","New York","NY","w2012pc_Rec","White Share","RACE3","Hispanic",0.0151415855719764,0.03433334298624,-0.0527289442913902,0.083012115435343,0.65987146465264,1028,143
"NY","New York","NY","w2012pc_Rec","White Share","RACE4","Asian",-0.0831515006630368,0.0554981691569385,-0.192860891578968,0.0265578902528948,0.136281640238809,1028,143
"NY","New York","NY","percent_black","Black Share","RACE2","African American",-0.00419641611144566,0.0217479668831587,-0.047188036135237,0.0387952039123457,0.847268578595714,1028,143
"NY","New York","NY","percent_black","Black Share","RACE3","Hispanic",-0.0298925317874909,0.029627749496165,-0.0884609927081102,0.0286759291331283,0.314720994897795,1028,143
"NY","New York","NY","percent_black","Black Share","RACE4","Asian",0.0577394724025606,0.0529964152710337,-0.0470244239283508,0.162503368733472,0.277779946618076,1028,143
"NY","New York","NY","percent_hispanic","Hispanic Share","RACE2","African American",0.00406074148724683,0.0229335304925477,-0.0412745137132358,0.0493959966877294,0.859709096365372,1028,143
"NY","New York","NY","percent_hispanic","Hispanic Share","RACE3","Hispanic",0.0193715999191738,0.016300060621771,-0.012850539114825,0.0515937389531727,0.236644958864386,1028,143
"NY","New York","NY","percent_hispanic","Hispanic Share","RACE4","Asian",-0.00779134498912241,0.0159955699630744,-0.0394115635415514,0.0238288735633066,0.626942829610203,1028,143
"NY","New York","NY","percent_asian","Asian Share","RACE2","African American",0.0134672969287428,0.0123084528330381,-0.0108641879462183,0.0377987818037038,0.275741606644644,1028,143
"NY","New York","NY","percent_asian","Asian Share","RACE3","Hispanic",-0.000452484177690332,0.00921279169922705,-0.0186644320907718,0.0177594637353912,0.960896844501084,1028,143
"NY","New York","NY","percent_asian","Asian Share","RACE4","Asian",0.0258027192785813,0.0121109734694992,0.00186161378047941,0.0497438247766831,0.0348516150396379,1028,143
"OC","San Clemente","CA","w2012pc_Rec","White Share","RACE2","African American",0.147328093926379,0.149915291045269,-0.149519155351362,0.444175343204119,0.327728125562242,855,120
"OC","San Clemente","CA","w2012pc_Rec","White Share","RACE3","Hispanic",0.282867142497981,0.0993309752325182,0.0861818907117265,0.479552394284236,0.00518877898968728,855,120
"OC","San Clemente","CA","w2012pc_Rec","White Share","RACE4","Asian",0.115067238136448,0.0409128190397959,0.0340557702102439,0.196078706062652,0.0057519759119367,855,120
"OC","San Clemente","CA","percent_black","Black Share","RACE2","African American",0.0138075750099529,0.021083349984807,-0.0279395636902614,0.0555547137101671,0.513793326223178,855,120
"OC","San Clemente","CA","percent_black","Black Share","RACE3","Hispanic",0.0121137899960978,0.014109127183422,-0.0158236909967111,0.0400512709889067,0.392299326020874,855,120
"OC","San Clemente","CA","percent_black","Black Share","RACE4","Asian",-0.000468979573107089,0.00429395982152708,-0.00897144888522385,0.00803348973900967,0.913213198651672,855,120
"OC","San Clemente","CA","percent_hispanic","Hispanic Share","RACE2","African American",-0.220826916043611,0.171006420073475,-0.55943670730444,0.117782875217217,0.19908959078022,855,120
"OC","San Clemente","CA","percent_hispanic","Hispanic Share","RACE3","Hispanic",-0.264152357792667,0.121720324011855,-0.505170756330837,-0.0231339592544968,0.0319817000359865,855,120
"OC","San Clemente","CA","percent_hispanic","Hispanic Share","RACE4","Asian",-0.00497846741495576,0.050235145881388,-0.104449073568487,0.0944921387385759,0.921223023917349,855,120
"OC","San Clemente","CA","percent_asian","Asian Share","RACE2","African American",0.0756102084078859,0.161853055298682,-0.24487500639321,0.396095423208982,0.641244359530889,855,120
"OC","San Clemente","CA","percent_asian","Asian Share","RACE3","Hispanic",-0.0157566600495355,0.0902207100887515,-0.194402676950128,0.162889356851057,0.861654815661242,855,120
"OC","San Clemente","CA","percent_asian","Asian Share","RACE4","Asian",-0.107569695564383,0.0386455063997043,-0.184091658012052,-0.0310477331167134,0.00625695026612122,855,120
"PD","Philadelphia","PA","w2012pc_Rec","White Share","RACE2","African American",-0.0338913435684097,0.0493138296980165,-0.132129529931928,0.0643468427951087,0.49403966990609,686,76
"PD","Philadelphia","PA","w2012pc_Rec","White Share","RACE3","Hispanic",-0.0666069043600378,0.0551896561369508,-0.176550337229101,0.043336528509025,0.231273847036632,686,76
"PD","Philadelphia","PA","w2012pc_Rec","White Share","RACE4","Asian",-0.0588982726243529,0.0398290761568429,-0.138241861028319,0.0204453157796131,0.143388117086417,686,76
"PD","Philadelphia","PA","percent_black","Black Share","RACE2","African American",-0.00170542248761997,0.0321699088581543,-0.065791167218005,0.062380322242765,0.957862523987777,686,76
"PD","Philadelphia","PA","percent_black","Black Share","RACE3","Hispanic",0.0474805552173931,0.0353268241331199,-0.0228940872322535,0.11785519766704,0.182988157641003,686,76
"PD","Philadelphia","PA","percent_black","Black Share","RACE4","Asian",0.0916996282648219,0.0399612876548363,0.0120926610509192,0.171306595478725,0.0245486117893793,686,76
"PD","Philadelphia","PA","percent_hispanic","Hispanic Share","RACE2","African American",-0.00482661312325135,0.0138426894406478,-0.0324026645751499,0.0227494383286472,0.728309512566015,686,76
"PD","Philadelphia","PA","percent_hispanic","Hispanic Share","RACE3","Hispanic",-0.00993629082789005,0.0186682481907545,-0.0471253482601406,0.0272527666043605,0.596121880027108,686,76
"PD","Philadelphia","PA","percent_hispanic","Hispanic Share","RACE4","Asian",-0.0117920617906762,0.0172760752309797,-0.0462077684710156,0.0226236448896632,0.496983985194214,686,76
"PD","Philadelphia","PA","percent_asian","Asian Share","RACE2","African American",0.0415264639266312,0.0119561477287527,0.017708596282614,0.0653443315706484,0.000857394236658082,686,76
"PD","Philadelphia","PA","percent_asian","Asian Share","RACE3","Hispanic",0.0290985309742497,0.0173916189270913,-0.00554735055199503,0.0637444125004944,0.0984671112432453,686,76
"PD","Philadelphia","PA","percent_asian","Asian Share","RACE4","Asian",-0.0115046715140608,0.0138887549786025,-0.0391724902233442,0.0161631471952227,0.410103790660906,686,76
"RM","Chesterfield","VA","w2012pc_Rec","White Share","RACE2","African American",-0.000745270110987837,0.0330189277428132,-0.0682765598820273,0.0667860196600516,0.982147071010689,310,30
"RM","Chesterfield","VA","percent_black","Black Share","RACE2","African American",0.0207080760850665,0.0367029444485481,-0.0543578738546541,0.0957740260247871,0.576950932408984,310,30
"RM","Chesterfield","VA","percent_hispanic","Hispanic Share","RACE2","African American",0.00160523360222302,0.0102580367007492,-0.0193748071282345,0.0225852743326805,0.876734700423581,310,30
"RM","Chesterfield","VA","percent_asian","Asian Share","RACE2","African American",-0.0135073364158827,0.0124154968386922,-0.0388998785721809,0.0118852057404155,0.285580333222909,310,30
"RS","Victorville","CA","w2012pc_Rec","White Share","RACE2","African American",-0.0650979681245492,0.0495637843068285,-0.163407499293577,0.0332115630444784,0.191988938203073,483,103
"RS","Victorville","CA","w2012pc_Rec","White Share","RACE3","Hispanic",-0.0123848304841928,0.0384304797281036,-0.0886115048091831,0.0638418438407975,0.747910901457403,483,103
"RS","Victorville","CA","w2012pc_Rec","White Share","RACE4","Asian",0.0743662721496668,0.0588186723300885,-0.0423002855320274,0.191032829831361,0.20899270782741,483,103
"RS","Victorville","CA","percent_black","Black Share","RACE2","African American",0.00271737257704961,0.0167929577633575,-0.0305913795238167,0.036026124677916,0.87177070218851,483,103
"RS","Victorville","CA","percent_black","Black Share","RACE3","Hispanic",0.00686598731793862,0.0159563036611219,-0.0247832653380862,0.0385152399739635,0.667885696538375,483,103
"RS","Victorville","CA","percent_black","Black Share","RACE4","Asian",0.00834713036629401,0.0139281370639315,-0.0192792634606279,0.035973524193216,0.550301793079455,483,103
"RS","Victorville","CA","percent_hispanic","Hispanic Share","RACE2","African American",0.0734161344232696,0.0535935823360239,-0.0328864820296332,0.179718750876172,0.173736106190694,483,103
"RS","Victorville","CA","percent_hispanic","Hispanic Share","RACE3","Hispanic",0.0273519251815212,0.0330476499639108,-0.0381979318285416,0.0929017821915841,0.409800317551037,483,103
"RS","Victorville","CA","percent_hispanic","Hispanic Share","RACE4","Asian",-0.0781872246027804,0.0624478245365445,-0.202052188478583,0.0456777392730221,0.213418406088282,483,103
"RS","Victorville","CA","percent_asian","Asian Share","RACE2","African American",-0.00311263965331843,0.0134139235293539,-0.0297190933725169,0.0234938140658801,0.816967647377966,483,103
"RS","Victorville","CA","percent_asian","Asian Share","RACE3","Hispanic",-0.0033471618123718,0.00858384370496698,-0.0203731751014186,0.013678851476675,0.697395883590946,483,103
"RS","Victorville","CA","percent_asian","Asian Share","RACE4","Asian",-0.0044554987591991,0.0161809541755473,-0.0365503446454204,0.0276393471270222,0.783600915585636,483,103
"SA","San Antonio","TX","w2012pc_Rec","White Share","RACE2","African American",-0.00413135660941594,0.0118930208764264,-0.0276728622148364,0.0194101489960046,0.728902135551984,928,124
"SA","San Antonio","TX","w2012pc_Rec","White Share","RACE3","Hispanic",-0.0104049765437537,0.0196760829148106,-0.0493525762364329,0.0285426231489255,0.597887859353807,928,124
"SA","San Antonio","TX","w2012pc_Rec","White Share","RACE4","Asian",0.0336311495779268,0.0236459031263881,-0.0131744658144141,0.0804367649702677,0.15747530612024,928,124
"SA","San Antonio","TX","percent_black","Black Share","RACE2","African American",0.00984918119971894,0.00450718166856114,0.000927491444225702,0.0187708709552122,0.0307676850193106,928,124
"SA","San Antonio","TX","percent_black","Black Share","RACE3","Hispanic",0.00258808052056644,0.00709989510948533,-0.0114657265192535,0.0166418875603864,0.716092870875912,928,124
"SA","San Antonio","TX","percent_black","Black Share","RACE4","Asian",-0.00541005333375132,0.00547972781608548,-0.0162568385566927,0.00543673188919005,0.325441072185279,928,124
"SA","San Antonio","TX","percent_hispanic","Hispanic Share","RACE2","African American",-0.015987394518064,0.0117122163865692,-0.0391710087218225,0.00719621968569448,0.174738803069007,928,124
"SA","San Antonio","TX","percent_hispanic","Hispanic Share","RACE3","Hispanic",0.0247492877345953,0.0232801749063681,-0.0213323910708078,0.0708309665399983,0.289816734873472,928,124
"SA","San Antonio","TX","percent_hispanic","Hispanic Share","RACE4","Asian",-0.0291643812040797,0.0258439810368402,-0.0803209570452185,0.0219921946370591,0.261314091610115,928,124
"SA","San Antonio","TX","percent_asian","Asian Share","RACE2","African American",0.00540532915954196,0.00377192075851575,-0.00206095670697053,0.0128716150260545,0.15438207654016,928,124
"SA","San Antonio","TX","percent_asian","Asian Share","RACE3","Hispanic",-0.0131569598719905,0.00719951807307997,-0.0274079644598733,0.00109404471589226,0.0700519382552718,928,124
"SA","San Antonio","TX","percent_asian","Asian Share","RACE4","Asian",-0.00153686999993893,0.00456215618315661,-0.0105673784363167,0.00749363843643882,0.736786295016692,928,124
"SD","San Diego","CA","w2012pc_Rec","White Share","RACE3","Hispanic",-0.259543088708964,0.0842616230783617,-0.429152938961206,-0.0899332384567219,0.00348551997552171,267,47
"SD","San Diego","CA","w2012pc_Rec","White Share","RACE4","Asian",-0.023589311484933,0.0838252738216539,-0.192320836238756,0.14514221326889,0.779657631546809,267,47
"SD","San Diego","CA","percent_black","Black Share","RACE3","Hispanic",0.0262584181830152,0.022001806604889,-0.0180289215002423,0.0705457578662728,0.238805745606211,267,47
"SD","San Diego","CA","percent_black","Black Share","RACE4","Asian",0.0148569908392565,0.0289969641297626,-0.0435108706395671,0.0732248523180802,0.610847991164295,267,47
"SD","San Diego","CA","percent_hispanic","Hispanic Share","RACE3","Hispanic",0.28368934187422,0.0844906182034973,0.113618548342418,0.453760135406021,0.00158571288870373,267,47
"SD","San Diego","CA","percent_hispanic","Hispanic Share","RACE4","Asian",0.0530696221223221,0.089412485937688,-0.126908377310095,0.23304762155474,0.555729269153928,267,47
"SD","San Diego","CA","percent_asian","Asian Share","RACE3","Hispanic",-0.0375836103743863,0.0310133425289788,-0.100010231058748,0.0248430103099759,0.2317569322489,267,47
"SD","San Diego","CA","percent_asian","Asian Share","RACE4","Asian",-0.01758495443498,0.0356033951391182,-0.0892508718171005,0.0540809629471405,0.62371841174216,267,47
"SJ","San Jose","CA","w2012pc_Rec","White Share","RACE2","African American",NA,0,NA,NA,NA,282,46
"SJ","San Jose","CA","w2012pc_Rec","White Share","RACE3","Hispanic",0.0207944259148544,0.0374364145151849,-0.0546063834277277,0.0961952352574364,0.581331249667449,282,46
"SJ","San Jose","CA","w2012pc_Rec","White Share","RACE4","Asian",0.184732913430761,0.120682802064378,-0.0583347271867399,0.427800554048261,0.132836153002708,282,46
"SJ","San Jose","CA","percent_black","Black Share","RACE2","African American",NA,0,NA,NA,NA,282,46
"SJ","San Jose","CA","percent_black","Black Share","RACE3","Hispanic",0.0113169994127726,0.00722107520282231,-0.00322699262459529,0.0258609914501404,0.124069621316522,282,46
"SJ","San Jose","CA","percent_black","Black Share","RACE4","Asian",0.00427331904545472,0.0104783720644282,-0.0168312056394645,0.025377843730374,0.685337638525373,282,46
"SJ","San Jose","CA","percent_hispanic","Hispanic Share","RACE2","African American",NA,0,NA,NA,NA,282,46
"SJ","San Jose","CA","percent_hispanic","Hispanic Share","RACE3","Hispanic",0.0925327988146778,0.0128382482787515,0.0666752394491507,0.118390358180205,5.02051748728776e-09,282,46
"SJ","San Jose","CA","percent_hispanic","Hispanic Share","RACE4","Asian",-0.035844815594892,0.0430963908575464,-0.12264540246961,0.0509557712798257,0.409950034486097,282,46
"SJ","San Jose","CA","percent_asian","Asian Share","RACE2","African American",NA,0,NA,NA,NA,282,46
"SJ","San Jose","CA","percent_asian","Asian Share","RACE3","Hispanic",-0.134664269497136,0.0369039822195951,-0.208992705148821,-0.060335833845451,0.000681811641234544,282,46
"SJ","San Jose","CA","percent_asian","Asian Share","RACE4","Asian",-0.170752434030135,0.117310320231219,-0.40702754755853,0.0655226794982613,0.152455151122595,282,46
"ST","Seattle","WA","w2012pc_Rec","White Share","RACE2","African American",-0.0724721721946343,0.0391166132614354,-0.150233425729265,0.00528908133999599,0.0673524062604977,484,87
"ST","Seattle","WA","w2012pc_Rec","White Share","RACE3","Hispanic",-0.0228884500747622,0.0761447494642987,-0.174259202160342,0.128482302010818,0.764451628668057,484,87
"ST","Seattle","WA","w2012pc_Rec","White Share","RACE4","Asian",-0.227695749347503,0.0467140757594887,-0.320560258462631,-0.134831240232374,4.94339644063577e-06,484,87
"ST","Seattle","WA","percent_black","Black Share","RACE2","African American",0.0568095577602757,0.0237866941625984,0.00952317478110032,0.104095940739451,0.0191156453600028,484,87
"ST","Seattle","WA","percent_black","Black Share","RACE3","Hispanic",0.0923925917245625,0.0444656143095869,0.00399787603710337,0.180787307412022,0.0407054248460218,484,87
"ST","Seattle","WA","percent_black","Black Share","RACE4","Asian",0.035397603294974,0.0326052295751952,-0.0294194478798326,0.100214654469781,0.280671264644972,484,87
"ST","Seattle","WA","percent_hispanic","Hispanic Share","RACE2","African American",-0.00207173262912172,0.00867169245706442,-0.019310486690505,0.0151670214322615,0.811745689131979,484,87
"ST","Seattle","WA","percent_hispanic","Hispanic Share","RACE3","Hispanic",-0.0323066370770957,0.0188100383040551,-0.069699755642393,0.00508648148820158,0.0894830564222652,484,87
"ST","Seattle","WA","percent_hispanic","Hispanic Share","RACE4","Asian",0.0850820674571147,0.0173056958955884,0.0506794826235042,0.119484652290725,4.18050892678377e-06,484,87
"ST","Seattle","WA","percent_asian","Asian Share","RACE2","African American",0.0166546796958694,0.0220534134790131,-0.0271860553233935,0.0604954147151323,0.45219388843707,484,87
"ST","Seattle","WA","percent_asian","Asian Share","RACE3","Hispanic",-0.033282194882043,0.0473942088284319,-0.127498763789718,0.0609343740256321,0.484424728817507,484,87
"ST","Seattle","WA","percent_asian","Asian Share","RACE4","Asian",0.102100750961701,0.0309691869788136,0.0405360448271053,0.163665457096296,0.00142241671338628,484,87
"TP","Tampa","FL","w2012pc_Rec","White Share","RACE2","African American",-0.0229768105978712,0.0450403665009274,-0.112035286814378,0.0660816656186358,0.610769620355518,1163,139
"TP","Tampa","FL","w2012pc_Rec","White Share","RACE3","Hispanic",0.00786475638362129,0.0320825276204812,-0.0555721391175558,0.0713016518847984,0.806711097309769,1163,139
"TP","Tampa","FL","w2012pc_Rec","White Share","RACE4","Asian",0.00250863079242383,0.0879795314299354,-0.17145360832992,0.176470869914767,0.977293555545768,1163,139
"TP","Tampa","FL","percent_black","Black Share","RACE2","African American",-0.0252880903987791,0.0311300935189561,-0.0868417345774628,0.0362655537799046,0.417998059521656,1163,139
"TP","Tampa","FL","percent_black","Black Share","RACE3","Hispanic",0.00740042124933734,0.0282260691201115,-0.0484110851993761,0.0632119276980508,0.793570617445229,1163,139
"TP","Tampa","FL","percent_black","Black Share","RACE4","Asian",-0.0553801832231046,0.0566310149256058,-0.167356889624125,0.0565965231779159,0.329828756466025,1163,139
"TP","Tampa","FL","percent_hispanic","Hispanic Share","RACE2","African American",0.0417408964306674,0.0207443608429862,0.000722998258731178,0.0827587946026036,0.0461497775067346,1163,139
"TP","Tampa","FL","percent_hispanic","Hispanic Share","RACE3","Hispanic",-0.0217134001627086,0.0109451044531084,-0.0433551939657024,-7.16063597149159e-05,0.0492571790190814,1163,139
"TP","Tampa","FL","percent_hispanic","Hispanic Share","RACE4","Asian",0.0219332111294676,0.0484142609576178,-0.0737964785466806,0.117662900805616,0.651237158770565,1163,139
"TP","Tampa","FL","percent_asian","Asian Share","RACE2","African American",0.00550418696311932,0.00536703050293628,-0.00510806146050699,0.0161164353867456,0.306895527354699,1163,139
"TP","Tampa","FL","percent_asian","Asian Share","RACE3","Hispanic",0.00738764672327852,0.00301456969156856,0.00142692739445083,0.0133483660521062,0.0155110142289905,1163,139
"TP","Tampa","FL","percent_asian","Asian Share","RACE4","Asian",0.00821672292927697,0.0129317415797693,-0.017353255500987,0.033786701359541,0.526225092747386,1163,139
